X17254_at,X65965_s_at,U70987_at,X65965_s_at,X55733_at,U30828_at,D30037_at,X65965_s_at,Y08765_s_at,J05243_at,Y08765_s_at,D49950_at,J02986_cds1_at,X17042_at,J02986_cds1_at,U57623_s_at,D50914_at,L27476_at,K01911_at,U90552_s_at,U60205_at,X14329_at,M74719_at,U61263_at,U11090_at,HG1227-HT1227_s_at,D84294_at,M98528_at,X75755_rna1_s_at,HG1227-HT1227_s_at,X75755_rna1_s_at,X68560_at,X75755_rna1_s_at,U22055_at,D21852_at,U61263_at,U65785_at,M99436_at,M59815_at,HG3513-HT3707_at,L20433_at,U10362_at,U07158_at,X87838_at,L20433_at,D63880_at,M62505_at,M11722_at,S73813_at,HG2591-HT2687_s_at,S73813_at,J02783_at,D29643_at,X87838_at,U20759_s_at,X87838_at,D29643_at,U94831_at,X76013_at,HG67-HT67_f_at,U83461_at,U36922_at,M27891_at,U36922_at,U70867_at,U94831_at,S78873_s_at,X80818_at,X67698_at,X00038_at,M32304_s_at,X80818_at,M28170_at,U33017_at,M28170_at,Z54367_s_at,D11139_at,U47634_at,M28170_at,M15841_at,M28170_at,M15841_at,M28170_at,U21551_at,S69231_s_at,U09587_at,S69231_s_at,J03909_at,M28170_at,HG2639-HT2735_s_at,U51240_at,M19301_at,X91103_at,M29474_at,V01510_rna1_at,Z11518_s_at,X77909_at,Z32765_at,M83186_at,M64788_at
346,2709,-67,2709,2286,-60,92,2709,1898,135,1898,346,183,7281,183,484,-82,116,30,769,76,961,1319,434,723,-271,258,-111,275,-271,275,180,275,1559,396,434,1139,-169,670,-15,-419,-65,660,1424,-419,164,-97,120,104,-1815,104,1046,2245,1424,-147,1424,2245,454,2105,-117,179,13,11686,13,667,454,-152,2737,3218,-200,2437,2737,110,-537,110,1466,15,990,110,204,110,204,110,79,-249,791,-249,4446,110,837,5420,82,147,15,-1061,19,172,1719,-46,-1610
486,1055,-118,1055,2258,-42,100,1055,1180,48,1180,211,269,6957,269,309,-42,48,30,478,-86,858,255,442,961,-185,251,-76,191,-185,191,130,191,1428,321,442,685,-404,251,-8,-412,-90,597,1983,-412,209,-341,74,-4,-1220,-4,1230,1335,1983,-201,1983,1335,549,1460,-136,148,-32,2745,-32,553,549,271,2367,1418,-130,1381,2367,44,-351,44,1184,32,442,44,237,44,237,44,138,-625,1015,-625,788,44,603,2799,134,130,-18,-665,102,126,1715,-94,-1192
1,597,3,597,1670,5,-24,597,68,294,68,109,50,6371,50,172,122,35,20,892,14,517,94,431,593,-187,211,-187,38,-187,38,82,38,2791,202,431,763,-161,728,14,-229,188,197,1830,-229,131,1213,1,196,-890,196,2332,775,1830,-145,1830,775,323,1989,-118,431,18,17846,18,491,323,97,2045,7041,-54,1558,2045,-27,-189,-27,710,-24,630,-27,3,-27,3,-27,89,-428,890,-428,13455,-27,209,4780,1,114,-109,-738,49,417,1900,-90,-305
644,1246,-400,1246,1925,-223,149,1246,2373,109,2373,106,181,7056,181,501,-232,281,-93,458,-60,946,131,670,1089,-126,358,-113,595,-126,595,164,595,2287,234,670,1193,-261,931,100,-457,114,884,3401,-457,94,-256,123,66,-338,66,2499,1229,3401,-123,3401,1229,405,2135,-121,332,114,21404,114,857,405,10,3401,3981,-86,1755,3401,-52,-580,-52,1949,69,860,-52,483,-52,483,-52,155,-237,1745,-237,3284,-52,876,4158,127,199,-86,-1082,242,937,2692,87,-1820
763,141,149,141,6212,-230,59,141,444,352,444,204,417,7248,417,313,252,84,84,495,-21,154,587,913,840,286,618,37,197,286,197,369,197,1851,578,913,1187,-96,523,57,-263,212,470,1413,-263,335,-130,-218,271,-230,271,1724,2424,1413,151,1413,2424,673,1708,-43,113,43,10737,43,548,673,328,2291,810,-3,971,2291,1,-316,1,709,51,929,1,383,1,383,1,132,-341,891,-341,2004,1,402,2023,28,183,-38,-634,31,385,1929,165,-540
619,247,-167,247,4282,-123,70,247,106,21,106,96,161,8964,161,397,208,-29,-98,363,-23,463,188,434,729,-174,214,102,172,-174,172,273,172,1436,94,434,1163,-27,314,15,-298,121,296,705,-298,326,-214,51,43,-652,43,990,1554,705,-106,705,1554,163,2130,-39,161,-13,3168,-13,397,163,-47,2083,1354,-208,758,2083,-100,-391,-100,241,-1,418,-100,-239,-100,-239,-100,23,-487,408,-487,1322,-100,170,2030,41,125,-74,-416,29,110,1136,-1,-731
748,466,68,466,646,-145,34,466,160,151,160,151,346,3653,346,466,43,148,9,785,-123,540,330,809,1063,-49,102,-37,247,-49,247,204,247,1050,129,809,1016,0,843,74,-395,278,284,896,-395,238,503,80,642,-519,642,250,896,896,-166,896,896,102,1360,-37,244,9,14193,9,639,102,102,2197,1344,6,1060,2197,-95,-6,-95,429,-64,676,-95,18,-95,18,-95,120,-574,417,-574,4519,-95,336,3214,40,117,-179,-664,-21,528,1505,18,-1217
464,315,217,315,2709,39,71,315,145,336,145,183,115,10449,115,229,38,126,-1,647,-71,515,183,626,929,-236,458,12,217,-236,217,410,217,1483,206,626,1403,-355,233,74,42,0,260,1216,42,428,-85,445,296,-648,296,3464,2460,1216,-104,1216,2460,326,1663,53,153,52,2460,52,482,326,87,2494,1443,-33,1024,2494,3,-301,3,260,7,716,3,-15,3,-15,3,180,-321,910,-321,269,3,242,1839,71,122,-98,-544,61,30,786,-72,-605
-28,697,108,697,1918,-175,69,697,730,288,730,175,225,975,225,455,218,136,-39,442,23,494,344,862,1025,-99,526,-73,374,-99,374,175,374,1567,400,862,1285,-30,624,101,387,-249,450,1961,387,95,-325,221,264,-1111,264,1218,2392,1961,-195,1961,2392,288,1653,-140,147,15,123,15,385,288,-236,3597,1033,-175,1064,3597,-175,-574,-175,450,43,422,-175,-19,-175,-19,-175,149,-578,1556,-578,-97,-175,266,1094,0,58,-60,-1046,-32,489,981,186,-1211
368,331,-20,331,845,-23,32,331,396,282,396,333,150,5314,150,171,206,125,-50,528,74,393,426,579,1223,-173,370,-44,296,-173,296,271,296,1839,440,579,1017,-64,1068,71,-331,-67,873,1232,-331,333,653,-53,354,-1047,354,1869,759,1232,-359,1232,759,442,1987,-180,491,32,24178,32,827,442,319,2474,2914,-192,1679,2474,132,-579,132,1077,30,604,132,245,132,245,132,187,-560,1010,-560,7793,132,423,5708,-81,48,-173,-377,9,169,2819,57,-929
655,947,-34,947,1274,-136,-44,947,633,5,633,250,352,5178,352,499,470,64,-7,766,52,985,1020,619,992,-435,415,-108,325,-435,325,305,325,2425,269,619,1340,-316,744,107,-475,309,636,1937,-475,318,-52,106,316,-662,316,1161,1695,1937,-148,1937,1695,222,2607,-328,761,105,19680,105,722,222,25,2959,2861,-35,1926,2959,-39,-710,-39,981,-65,585,-39,193,-39,193,-39,185,-547,1223,-547,11468,-39,702,5216,4,136,-81,-1186,58,281,3712,162,-1342
387,344,59,344,1241,-121,-10,344,1181,195,1181,455,672,6311,672,379,303,219,-121,2724,-65,1016,729,1051,3638,-355,222,-197,452,-355,452,295,452,1618,539,1051,1238,-493,173,40,-599,-612,2263,3470,-599,325,-699,-27,211,-1919,211,856,450,3470,-601,3470,450,116,2803,-271,178,-62,3293,-62,1133,116,-547,4551,683,-333,1740,4551,113,-769,113,73,97,1553,113,2,113,2,113,238,-539,837,-539,515,113,680,1927,97,287,-384,-883,-29,566,5731,178,-2000
645,1060,-117,1060,2332,-68,-84,1060,462,220,462,218,264,5086,264,187,113,59,-2,230,-83,477,200,285,628,-23,371,-173,312,-23,312,207,312,1468,275,285,1033,-183,259,30,-226,-87,314,1607,-226,156,-50,-170,269,-1006,269,1208,1232,1607,-234,1607,1232,353,1821,-243,214,91,12735,91,554,353,126,1947,1006,-166,678,1947,-97,-310,-97,297,13,523,-97,289,-97,289,-97,48,-111,852,-111,1277,-97,237,3220,46,56,-181,-817,75,121,1446,125,-713
315,588,-89,588,2362,26,43,588,391,230,391,65,39,3340,39,115,267,52,-10,149,76,315,265,334,484,-30,649,-71,304,-30,304,160,304,2121,362,334,949,-223,354,-39,-197,638,406,1458,-197,349,-126,249,28,-241,28,2164,1680,1458,-6,1458,1680,336,2445,13,26,145,2103,145,247,336,189,1154,917,-106,219,1154,-119,-208,-119,276,-41,56,-119,367,-119,367,-119,19,-352,1097,-352,299,-119,278,1525,99,21,6,-13,130,-113,2473,17,-615
536,1786,43,1786,4194,-149,124,1786,1286,102,1286,297,285,7858,285,450,134,126,32,115,-44,802,384,562,1138,-201,283,-136,471,-201,471,221,471,2059,297,562,1140,-113,947,61,-346,295,719,2571,-346,279,-243,-252,27,-1062,27,79,1567,2571,-125,2571,1567,350,2039,-152,211,114,1073,114,790,350,-71,3599,1796,-64,626,3599,-64,-469,-64,603,1,647,-64,339,-64,339,-64,234,-201,1619,-201,665,-64,377,5032,51,123,-64,-1188,104,420,2376,-20,-1862
467,668,77,668,2486,-23,54,668,491,237,491,190,42,8859,42,191,34,70,-63,279,57,466,751,219,528,-43,271,97,238,-43,238,294,238,1270,183,219,468,-99,233,21,-241,126,289,599,-241,277,-79,297,67,-438,67,1939,1574,599,-103,599,1574,46,1847,15,169,37,6962,37,194,46,213,1048,2005,318,717,1048,35,-147,35,305,-143,412,35,251,35,251,35,118,-119,1185,-119,908,35,270,3531,73,62,2,-451,66,258,1467,-149,79
-182,8583,-455,8583,3077,-65,34,8583,1037,238,1037,326,116,11003,116,216,217,198,-34,401,-8,698,279,342,1042,-202,183,-115,353,-202,353,102,353,1929,341,342,2908,-321,571,43,-369,290,1021,3796,-369,136,-359,412,132,-1213,132,5140,3665,3796,-138,3796,3665,-52,1994,-150,167,105,14555,105,652,-52,580,3444,4612,-105,2450,3444,-139,-491,-139,1539,-96,817,-139,-17,-139,-17,-139,122,-119,1753,-119,7198,-139,723,6945,36,83,-57,-754,93,363,3227,-56,-2069
493,558,-368,558,2970,-75,-34,558,664,57,664,197,231,5849,231,287,139,51,-24,338,-32,791,515,508,974,-327,469,-117,333,-327,333,180,333,1827,503,508,1296,-190,117,13,-363,444,592,1615,-363,321,-466,385,205,-1204,205,1052,2766,1615,-262,1615,2766,638,1594,-311,142,32,7238,32,689,638,-64,2410,1256,-53,1636,2410,-5,-613,-5,527,132,672,-5,14,-5,14,-5,222,-413,1188,-413,1721,-5,400,3011,20,-17,-61,-799,53,-20,6516,256,-2885
328,1268,-367,1268,3647,75,97,1268,1758,628,1758,259,165,3259,165,549,126,93,31,1021,13,767,1269,813,1179,-433,775,-206,505,-433,505,219,505,1810,489,813,1107,-89,834,52,-465,-124,739,2022,-465,283,-120,1284,272,-246,272,267,1878,2022,-247,2022,1878,358,2255,-38,155,103,12339,103,292,358,266,3767,3914,-43,1206,3767,-49,-556,-49,1841,26,719,-49,137,-49,137,-49,182,-625,868,-625,2596,-49,722,6517,122,69,18,-1118,35,51,2182,-123,-780
679,7501,-206,7501,3264,-138,78,7501,1078,-44,1078,100,258,8855,258,564,-159,176,-133,828,-139,942,974,935,1519,-416,223,-128,322,-416,322,334,322,1754,64,935,1304,-577,1112,53,-575,49,968,3450,-575,151,481,58,101,-695,101,1140,932,3450,-109,3450,932,473,1285,-88,193,154,3654,154,902,473,54,4148,2856,-39,1835,4148,18,-704,18,1263,105,1494,18,289,18,289,18,238,-332,950,-332,6692,18,955,4738,70,215,15,-1673,41,605,2868,-139,-2277
984,469,-150,469,2706,-113,-30,469,1643,206,1643,355,325,8518,325,356,-31,94,22,173,-47,505,532,590,1242,-164,480,-117,510,-164,510,129,510,1751,381,590,1157,-347,1179,-11,-461,-64,1107,1181,-461,226,-338,454,289,-891,289,1342,1413,1181,-314,1181,1413,576,2281,-256,240,-33,1537,-33,883,576,-103,3963,1210,-53,1118,3963,-11,-531,-11,842,-104,299,-11,138,-11,138,-11,154,-724,1167,-724,685,-11,456,1813,27,52,-162,-611,50,-88,1748,-172,-1479
394,290,-197,290,1084,-60,-24,290,317,-16,317,295,331,3628,331,290,158,100,45,269,-110,714,197,562,1130,-161,524,69,290,-161,290,36,290,1502,259,562,721,-55,1118,12,-158,33,408,916,-158,-4,-440,2,98,-973,98,509,625,916,-274,916,625,310,1738,-221,182,-110,1481,-110,839,310,-214,2104,709,-48,1108,2104,67,-550,67,-9,129,779,67,257,67,257,67,165,-637,1007,-637,149,67,415,2469,67,86,-24,-730,117,293,2108,67,-868
588,17703,-275,17703,1351,-262,112,17703,1100,-92,1100,283,249,10603,249,485,-55,241,-86,613,119,92,101,376,1045,-267,244,46,471,-267,471,123,471,2244,229,376,1473,-56,729,31,-558,609,689,2232,-558,410,269,455,116,-1161,116,3070,2643,2232,-162,2232,2643,557,1841,-215,328,21,17863,21,760,557,20,3876,3633,-65,2892,3876,-47,-606,-47,1780,-232,971,-47,218,-47,218,-47,138,-391,1292,-391,6127,-47,832,4664,53,168,-88,-943,86,15,4437,83,-2205
908,13557,-345,13557,2952,4,27,13557,764,87,764,311,303,8479,303,440,333,228,-25,324,-63,1044,262,724,712,-133,293,-41,265,-133,265,185,265,1436,221,724,802,-547,1301,64,-501,25,495,2940,-501,185,289,297,209,-1608,209,1649,1581,2940,-173,2940,1581,-194,2175,-100,241,2,13296,2,313,-194,145,3058,1450,-224,1271,3058,-21,-589,-21,1026,-38,1041,-21,189,-21,189,-21,108,-144,1859,-144,3832,-21,660,6595,-2,65,-93,-1091,62,342,3572,-91,-1731
1325,767,-483,767,2046,-88,52,767,991,71,991,70,268,1285,268,553,0,165,101,403,-47,1171,500,911,998,-171,156,-29,372,-171,372,174,372,1467,147,911,1021,-73,839,42,-433,292,467,1949,-433,118,-444,166,83,-356,83,1051,881,1949,-153,1949,881,-299,2461,-45,111,91,1661,91,745,-299,210,2047,708,-90,1887,2047,-18,-514,-18,456,-73,847,-18,133,-18,133,-18,143,-204,1594,-204,-59,-18,563,2502,89,152,-51,-1225,-11,509,3523,-265,-1333
345,1923,-185,1923,2252,-19,156,1923,782,786,782,214,241,33,241,422,234,125,946,369,-120,994,2739,644,1192,-113,258,-135,294,-113,294,193,294,907,412,644,1255,-224,567,-55,-207,154,258,687,-207,166,-374,8700,140,-248,140,-21,726,687,-111,687,726,325,924,-36,212,166,-65,166,934,325,-96,3295,813,7,584,3295,67,-598,67,434,12,468,67,284,67,284,67,173,-762,695,-762,-74,67,304,11027,21,224,506,-707,89,424,1409,-53,-1202
-153,234,-222,234,1216,84,70,234,341,994,341,234,288,1269,288,418,187,92,-98,1526,-36,323,1856,437,1137,-221,291,-184,461,-221,461,128,461,1240,426,437,629,-55,98,24,-414,-367,467,1109,-414,-23,-547,4614,317,-1143,317,1095,594,1109,-257,1109,594,560,1606,-543,125,213,68,213,1338,560,-79,1594,446,-136,1226,1594,437,-853,437,199,-5,562,437,155,437,155,437,288,-269,821,-269,445,437,496,3004,43,71,54,-664,64,-64,2100,99,-1016
252,128,-46,128,2418,-79,100,128,212,615,212,-4,76,1183,76,104,480,139,136,521,65,252,457,417,400,-233,579,-112,314,-233,314,665,314,1955,541,417,635,10,277,6,-162,322,361,1274,-162,867,-53,1487,34,-244,34,754,900,1274,-70,1274,900,308,2628,-28,90,264,-125,264,289,308,118,1236,876,-153,369,1236,84,-237,84,190,18,424,84,458,84,458,84,164,-273,978,-273,244,84,328,6092,34,-3,175,-330,211,95,1105,81,-612
367,4048,-221,4048,2079,225,80,4048,333,233,333,35,121,1045,121,300,456,214,3943,771,-64,548,2501,833,709,-145,746,179,814,-145,814,237,814,1370,416,833,801,34,963,66,-338,331,432,826,-338,376,-385,4357,98,283,98,872,760,826,-113,826,760,-579,1775,20,124,700,250,700,413,-579,497,1757,1548,-164,586,1757,-22,-374,-22,152,73,716,-22,265,-22,265,-22,33,-483,2014,-483,167,-22,541,10820,-9,84,102,-728,106,424,1939,-150,-526
829,552,-81,552,1709,367,86,552,221,853,221,43,96,7064,96,302,124,295,788,706,74,358,1495,567,629,-55,769,96,451,-55,451,401,451,665,401,567,749,-511,478,4,-326,447,418,723,-326,586,-153,7540,158,-773,158,896,329,723,-81,723,329,305,1550,197,60,850,-96,850,391,305,312,682,735,24,701,682,420,-314,420,425,93,295,420,122,420,122,420,100,-353,1408,-353,370,420,242,7117,21,-16,874,-185,127,185,2074,-36,-511
-102,210,-118,210,1971,182,108,210,90,773,90,97,-97,155,-97,160,148,198,2758,504,-72,372,2425,619,637,-97,548,169,450,-97,450,484,450,566,489,619,590,-160,404,84,-207,-563,391,827,-207,560,-219,8791,134,249,134,492,1006,827,-186,827,1006,484,1713,-197,115,916,502,916,315,484,169,1313,578,23,240,1313,180,-274,180,223,2,388,180,-16,180,-16,180,170,-188,1025,-188,160,180,369,9766,-5,-41,2189,-278,127,62,890,-211,-847
-125,1030,-255,1030,3092,-140,98,1030,21,382,21,142,-359,1327,-359,142,541,269,2346,368,142,171,2756,391,385,-3,942,42,467,-3,467,317,467,1028,403,391,782,-253,-37,104,-238,-1383,293,411,-238,462,-129,12307,425,-323,425,329,1087,411,-270,411,1087,202,1713,-208,0,151,78,151,246,202,195,1592,1062,35,455,1592,32,-314,32,274,-103,212,32,-1062,32,-1062,32,86,-592,669,-592,318,32,194,11375,102,-18,309,-647,174,-212,983,143,-1208
150,779,-127,779,2282,14,197,779,245,443,245,80,155,283,155,176,330,102,2245,704,-8,306,4097,521,518,-80,756,-49,447,-80,447,259,447,1290,340,521,593,-170,362,23,88,14,493,398,88,368,-92,5433,119,-103,119,446,922,398,-23,398,922,346,1672,41,63,118,49,118,228,346,4,1504,1006,-106,436,1504,313,-215,313,521,-38,414,313,358,313,358,313,1,-257,695,-257,1171,313,323,6753,-17,18,63,-340,98,90,929,-90,-589
189,369,-119,369,1588,332,48,369,88,510,88,191,100,2450,100,317,134,342,-67,558,128,138,1971,550,680,12,941,12,388,12,388,462,388,1863,468,550,1134,-111,-60,-77,-8,294,680,1365,-8,741,-187,7369,149,-174,149,561,1168,1365,-121,1365,1168,233,1550,42,178,-33,107,-33,432,233,300,1681,1033,48,582,1681,2,-308,2,258,6,468,2,195,2,195,2,229,-529,1660,-529,1342,2,100,6392,10,2,105,-304,149,144,1422,252,-31
373,516,-171,516,1357,174,164,516,516,598,516,51,114,1537,114,258,208,502,4399,2695,44,543,4215,717,1028,-92,2366,-131,959,-92,959,1132,959,1922,685,717,865,-14,730,37,-19,132,513,2648,-19,579,-325,7216,150,-282,150,956,1262,2648,-113,2648,1262,762,2784,100,233,1026,-177,1026,156,762,189,2819,2885,-110,1114,2819,275,-320,275,210,-16,529,275,1024,275,1024,275,64,-425,2294,-425,749,275,232,7528,24,67,139,-551,152,329,1890,-39,-1132
19,354,-139,354,2658,-229,35,354,595,861,595,128,245,690,245,680,245,455,311,1055,-1,1406,1118,804,1812,-215,424,-149,447,-215,447,313,447,901,708,804,1250,-52,1052,42,-521,-141,638,1300,-521,391,-569,6603,142,-680,142,-569,1047,1300,-193,1300,1047,-917,1108,-112,188,306,394,306,180,-917,-602,3874,649,-65,504,3874,457,-869,457,525,-193,877,457,183,457,183,457,245,-928,1930,-928,86,457,339,3665,151,103,37,-991,99,136,2205,-262,-2859
237,287,-104,287,1984,-134,49,287,424,421,424,74,217,2057,217,366,816,74,416,486,29,601,127,554,848,-77,199,-74,307,-77,307,224,307,1490,267,554,751,27,539,-4,-289,157,244,818,-289,449,-282,1595,72,-259,72,441,641,818,-189,818,641,232,2122,-129,37,0,359,0,406,232,142,2484,606,-87,352,2484,184,-409,184,461,-32,309,184,67,184,67,184,79,-197,758,-197,499,184,269,3869,-14,87,42,-272,117,416,1063,37,-354
538,254,-126,254,2356,18,-18,254,339,1359,339,2,319,1102,319,491,206,167,6074,512,-41,448,1403,440,1125,-329,793,51,690,-329,690,417,690,919,445,440,1068,-200,643,-15,-321,303,288,587,-321,494,-345,4537,121,-236,121,84,772,587,-56,587,772,337,1493,-25,151,945,553,945,427,337,159,3375,151,33,296,3375,620,-412,620,334,159,651,620,131,620,131,620,69,-576,824,-576,375,620,265,4568,162,162,875,-630,33,185,1686,-133,-878
233,406,-251,406,1817,-7,27,406,279,739,279,205,149,4509,149,198,104,48,1764,1797,81,437,1194,607,632,-30,663,25,216,-30,216,429,216,1029,175,607,500,-213,282,25,-449,449,500,960,-449,691,-94,7480,27,-780,27,688,688,960,10,960,688,714,2544,-83,139,152,180,152,111,714,-15,3197,1174,-147,630,3197,231,-183,231,663,17,381,231,172,231,172,231,12,-332,444,-332,1100,231,170,4743,15,129,165,-650,-2,490,904,-165,-795
253,1137,-158,1137,3015,84,84,1137,727,519,727,53,196,4401,196,231,-28,136,-28,448,57,399,314,382,476,36,1295,39,470,36,470,483,470,1268,344,382,704,-181,181,27,-192,-19,802,1122,-192,72,212,-28,55,-580,55,716,932,1122,-84,1122,932,174,2188,-59,76,10,2090,10,155,174,272,2285,1500,-156,565,2285,-91,-322,-91,373,-69,277,-91,336,-91,336,-91,53,-358,1519,-358,2061,-91,404,5736,88,77,-61,-718,38,76,1064,-69,-592
58,494,169,494,4662,-38,250,494,336,1226,336,145,83,2282,83,264,615,227,35,1474,63,165,1014,733,618,-187,995,89,668,-187,668,888,668,2750,859,733,847,-182,-39,0,-329,142,1419,2440,-329,734,-302,5653,-54,-63,-54,1064,1494,2440,-48,2440,1494,471,3988,-97,437,50,163,50,127,471,163,3038,1307,-75,370,3038,67,-225,67,284,-152,315,67,771,67,771,67,115,-741,2365,-741,634,67,390,9475,18,68,2,-811,260,76,1330,-105,-1114
313,1845,-58,1845,5599,-171,276,1845,590,765,590,84,151,2128,151,180,442,207,1960,1644,26,195,2478,744,833,-69,1337,101,1188,-69,1188,630,1188,1961,548,744,1269,-133,583,41,-232,677,742,1010,-232,545,-269,4830,28,182,28,777,1096,1010,-80,1010,1096,419,2355,79,108,465,-166,465,149,419,215,2236,2077,-2,514,2236,155,-334,155,273,-114,358,155,602,155,602,155,67,-137,1585,-137,1683,155,362,11724,49,14,193,-364,240,100,1241,-79,-1587
-7,465,-137,465,1918,-30,103,465,255,344,255,12,151,348,151,247,207,134,301,433,18,386,437,414,549,-49,250,-94,344,-49,344,182,344,1336,448,414,628,-163,470,-7,-250,177,256,744,-250,440,-119,1644,139,-306,139,49,648,744,-51,744,648,267,1859,-40,-3,88,239,88,334,267,-12,1460,604,83,238,1460,266,-196,266,423,-37,309,266,275,266,275,266,117,-354,522,-354,357,266,262,2854,-21,80,122,-363,24,-43,1299,-54,-1174
263,1073,-97,1073,3045,7,147,1073,694,1164,694,105,132,1128,132,167,147,76,632,675,25,299,1255,410,596,-170,677,-17,318,-170,318,227,318,1114,399,410,667,-207,572,44,-190,43,520,1297,-190,113,-268,1671,93,-185,93,131,629,1297,-112,1297,629,226,1775,-36,122,529,-39,529,150,226,153,2867,911,-6,141,2867,142,-209,142,572,-43,485,142,318,142,318,142,36,-64,1614,-64,374,142,408,10066,86,42,43,-231,91,145,1241,-60,-588
61,3588,-109,3588,1033,-141,35,3588,611,894,611,146,241,1357,241,235,49,115,2983,497,-10,323,2235,698,738,-71,866,-123,891,-71,891,401,891,1623,315,698,826,-65,635,11,-3,105,298,2332,-3,78,-319,1327,102,-242,102,551,813,2332,-78,2332,813,111,2112,82,117,2779,453,2779,438,111,198,2772,1122,-89,345,2772,119,-375,119,251,-173,478,119,422,119,422,119,126,-493,1533,-493,181,119,406,11334,58,86,190,-473,71,235,953,-63,-725
325,677,-471,677,2260,133,181,677,571,610,571,75,252,177,252,561,88,116,3172,876,-49,637,5452,451,775,-342,487,-57,588,-342,588,585,588,1646,304,451,943,-68,952,35,-196,50,491,1724,-196,556,-464,3282,97,-836,97,103,633,1724,-39,1724,633,523,2124,-35,205,1036,303,1036,760,523,-38,3506,992,-16,398,3506,397,-953,397,758,43,842,397,362,397,362,397,140,-171,1492,-171,381,397,683,9059,152,36,2187,-429,101,82,1986,-103,-1354
250,2566,-250,2566,2392,-47,91,2566,1131,927,1131,129,89,3460,89,383,290,99,5,589,15,622,96,549,836,-139,588,-3,840,-139,840,324,840,1849,705,549,1175,-186,662,41,-313,-254,532,1499,-313,476,-36,1627,116,-775,116,488,998,1499,-84,1499,998,263,1825,-45,140,8,1358,8,217,263,101,2649,1256,-89,908,2649,-39,-348,-39,338,-155,654,-39,851,-39,851,-39,111,-242,1817,-242,2320,-39,702,4614,106,60,6,-899,30,-403,1875,-224,-2218
561,337,-471,337,1336,-152,167,337,784,1697,784,44,307,416,307,514,271,287,36,1369,-17,1019,191,582,1197,-350,552,-87,627,-350,627,425,627,1336,569,582,1346,-174,1005,-10,-416,-58,540,1216,-416,498,-444,2783,244,-996,244,-10,895,1216,-189,1216,895,395,1354,55,234,2,254,2,348,395,-234,4016,500,7,906,4016,183,-704,183,727,-169,306,183,688,183,688,183,253,-345,1497,-345,214,183,821,1236,86,183,5,-1182,35,-5,2582,-385,-2170
128,272,-250,272,2432,130,144,272,873,425,873,218,191,392,191,587,239,140,40,1266,29,669,521,467,1213,-241,334,93,439,-241,439,618,439,1162,372,467,790,-23,1241,98,-329,-157,282,1481,-329,1211,-415,1544,132,-306,132,-66,928,1481,-231,1481,928,124,2182,-74,137,130,-304,130,139,124,63,3108,1100,-197,763,3108,363,-346,363,355,47,1101,363,143,363,143,363,167,-236,1101,-236,429,363,369,7070,56,30,123,-573,116,-159,1669,-68,-1856
415,370,-115,370,2687,-18,306,370,546,529,546,110,120,7972,120,150,680,163,250,711,87,443,601,424,628,-125,898,25,925,-125,925,500,925,2253,507,424,1016,-51,506,4,-117,375,327,1270,-117,820,-249,1896,179,-452,179,1106,1665,1270,-81,1270,1665,472,2861,-10,101,201,-86,201,190,472,279,2560,1179,-34,201,2560,251,-330,251,92,-67,374,251,437,251,437,251,608,-5,1419,-5,1557,251,329,9553,95,85,95,-171,145,307,1249,-122,-313
448,321,-339,321,2164,23,33,321,846,1682,846,33,113,597,113,344,268,179,3,883,-30,672,53,487,826,-129,252,-49,280,-129,280,174,280,926,528,487,890,-268,590,-42,-400,-67,355,572,-400,485,-216,2372,190,-1276,190,120,762,572,-110,572,762,392,1346,-168,48,56,1168,56,414,392,119,2517,403,-232,620,2517,74,-352,74,704,-71,602,74,184,74,184,74,218,-328,1154,-328,1340,74,321,917,55,32,51,-442,149,-151,1717,-172,-1536
174,223,-151,223,1875,307,152,223,699,386,699,115,248,403,248,530,265,136,100,1130,-25,767,349,539,912,-320,362,-36,446,-320,446,598,446,1381,441,539,890,-21,900,45,-404,-72,525,1572,-404,734,-504,613,-52,-1428,-52,1,887,1572,-176,1572,887,278,1823,-186,208,10,-233,10,304,278,141,3069,833,10,672,3069,280,-633,280,435,-144,907,280,149,280,149,280,173,-134,1114,-134,488,280,309,4402,70,99,221,-863,1,62,2202,132,-2454
358,1644,-623,1644,2836,-137,116,1644,1070,629,1070,32,271,140,271,676,40,133,-56,1283,-13,902,3620,539,1203,-251,481,154,655,-251,655,262,655,1227,577,539,1143,-89,1601,122,-352,-170,625,1260,-352,223,-358,4066,-47,-1042,-47,-46,461,1260,-241,1260,461,-74,1938,-85,278,632,-247,632,602,-74,-484,2739,449,-149,1478,2739,235,-856,235,509,-350,1346,235,172,235,172,235,230,-526,1310,-526,-230,235,407,2033,128,277,85,-1208,16,680,2418,-398,-2856
582,494,-210,494,6183,303,57,494,629,2760,629,9,324,848,324,549,297,218,-83,824,136,501,195,482,1004,-266,1041,49,1082,-266,1082,617,1082,3929,741,482,2062,-217,737,47,-456,845,439,1409,-456,686,-497,1391,-50,-963,-50,2728,1980,1409,-132,1409,1980,83,714,-69,176,-2,336,-2,349,83,-35,3337,1257,-48,1184,3337,24,-540,24,1181,-68,812,24,796,24,796,24,245,-303,2858,-303,753,24,780,4988,80,2,-4,-629,216,491,2140,-29,-2147
-102,359,-146,359,2160,-152,36,359,537,1722,537,54,243,1094,243,264,204,80,79,349,189,658,132,594,967,-241,254,51,242,-241,242,333,242,1678,346,594,1159,-152,623,31,-280,140,334,823,-280,721,-196,972,126,-472,126,458,737,823,-68,823,737,196,1623,-21,101,-50,498,-50,268,196,-19,2244,833,-4,1142,2244,-54,-336,-54,274,15,590,-54,280,-54,280,-54,117,-217,1461,-217,509,-54,362,1083,99,67,-35,-345,44,73,1502,-86,-613
454,703,-215,703,3527,-104,144,703,1724,1587,1724,38,145,1343,145,338,139,84,58,816,78,769,126,580,798,-219,880,-72,593,-219,593,333,593,2886,657,580,1430,-140,764,11,-326,122,402,1794,-326,551,-355,780,-32,-496,-32,2261,1292,1794,-64,1794,1292,405,2369,69,96,-18,-376,-18,551,405,417,2244,494,-64,615,2244,-16,-378,-16,666,-43,337,-16,572,-16,572,-16,66,-103,2383,-103,14,-16,443,753,57,0,-124,-306,236,204,1608,-143,-522
349,1622,-204,1622,2369,-28,76,1622,356,169,356,7,90,5252,90,321,-21,110,54,488,-22,402,1261,471,415,-195,1225,-140,215,-195,215,103,215,728,237,471,474,-280,411,-33,-244,-168,229,379,-244,198,-139,2433,179,-788,179,517,773,379,-135,379,773,198,918,-20,87,70,107,70,284,198,53,2096,363,-229,889,2096,84,-403,84,186,-60,290,84,122,84,122,84,60,-158,423,-158,632,84,196,5026,10,53,-80,-619,79,-80,1097,80,-1095
321,484,-30,484,2625,118,214,484,473,719,473,103,166,2408,166,264,540,270,4554,945,58,488,4638,689,1099,-87,2138,-103,731,-87,731,685,731,1633,631,689,1014,-139,474,14,220,354,623,1988,220,550,-276,9811,140,243,140,834,1286,1988,-82,1988,1286,549,1664,7,159,1185,-97,1185,170,549,155,3177,1800,39,875,3177,87,-541,87,378,-107,408,87,600,87,600,87,96,-544,1597,-544,792,87,166,11150,58,3,351,-406,110,146,905,-186,-758
303,230,-224,230,3049,39,136,230,1044,859,1044,72,102,2525,102,340,396,173,-31,1754,57,417,129,594,989,-254,570,-14,628,-254,628,689,628,1913,446,594,917,-234,632,42,-319,161,583,1326,-319,694,-268,257,104,-359,104,301,1108,1326,-145,1326,1108,375,2569,-110,154,-40,820,-40,324,375,366,2667,398,-110,453,2667,155,-160,155,345,39,482,155,384,155,384,155,103,-41,1388,-41,593,155,560,2357,32,106,-146,-531,123,36,1831,9,-1781
680,306,0,306,3282,-25,303,306,705,661,705,158,155,2133,155,188,404,116,2315,2069,49,448,1559,445,683,-142,826,-21,585,-142,585,822,585,1651,541,445,908,-191,531,-23,-210,331,513,1720,-210,1287,-181,6270,143,29,143,602,1389,1720,-112,1720,1389,520,3025,66,34,1033,76,1033,224,520,27,3023,1646,-78,751,3023,371,-201,371,393,-1,529,371,794,371,794,371,283,-273,1658,-273,1155,371,334,10737,41,58,726,-461,210,-65,1120,-87,-1653
222,549,-240,549,3281,363,80,549,550,1034,550,28,138,1232,138,387,134,337,445,822,79,625,1624,542,1147,-325,469,-79,546,-325,546,825,546,1778,487,542,955,-170,800,24,-313,117,413,2085,-313,475,-222,6845,85,-352,85,228,1476,2085,-94,2085,1476,430,2416,45,205,962,36,962,607,430,14,2886,799,39,192,2886,360,-461,360,514,-64,779,360,346,360,346,360,231,-488,1565,-488,110,360,327,4330,79,84,643,-600,119,127,921,-88,-1571
640,1489,135,1489,4113,254,204,1489,919,447,919,117,89,1150,89,563,498,57,157,720,-53,1483,710,707,888,-118,2115,-84,1019,-118,1019,1709,1019,3082,1051,707,1984,-44,617,59,-601,-284,259,2113,-601,883,-768,1234,334,-1825,334,597,2772,2113,-283,2113,2772,725,2409,196,399,176,375,176,614,725,444,4834,1379,-27,852,4834,-217,-790,-217,71,-340,1082,-217,324,-217,324,-217,120,-774,2688,-774,-236,-217,540,8865,89,263,-260,-1806,-52,718,1911,-321,-2041
247,216,252,216,3969,-137,79,216,328,252,328,99,211,1232,211,366,34,178,-29,640,128,496,872,609,695,-169,624,-47,266,-169,266,244,266,1731,309,609,983,16,585,57,-225,275,292,1373,-225,1281,-285,-135,418,-269,418,498,926,1373,-117,1373,926,210,1749,-21,95,266,22,266,252,210,-99,2470,750,-98,59,2470,195,-197,195,324,-61,523,195,119,195,119,195,125,-396,1483,-396,1287,195,142,7274,106,52,-32,-537,59,201,971,124,-219
369,607,-147,607,2862,137,94,607,477,1041,477,101,167,1519,167,154,302,294,831,1104,-45,328,1472,535,965,-178,616,1,410,-178,410,494,410,1947,305,535,815,-154,576,22,-29,263,307,2061,-29,256,-328,7686,53,-363,53,301,768,2061,-98,2061,768,304,2044,-167,39,716,-180,716,546,304,451,2221,962,-29,520,2221,285,-352,285,9,47,521,285,144,285,144,285,136,-114,1922,-114,413,285,147,5811,-4,19,184,-553,187,194,1363,-77,-698
167,2015,-88,2015,8004,145,192,2015,722,1717,722,22,157,180,157,370,916,136,7533,2168,29,403,6195,726,823,-52,2216,-74,1796,-52,1796,1536,1796,3770,1528,726,1947,-86,852,26,-295,357,953,1489,-295,568,-414,10926,162,541,162,977,2723,1489,-84,1489,2723,665,5711,264,163,3157,205,3157,126,665,159,2307,788,-9,524,2307,470,-427,470,118,-167,623,470,1769,470,1769,470,58,-444,3559,-444,170,470,389,6605,35,83,1762,-111,339,374,1396,-244,-1361
266,1289,-178,1289,3875,-48,-21,1289,33,604,33,48,152,1912,152,201,-346,294,122,1190,41,248,2447,86,575,32,2274,-89,349,32,349,477,349,1231,1882,86,1149,-34,-156,44,-131,-368,22,2067,-131,454,-192,1830,24,-99,24,1023,-54,2067,-137,2067,-54,-4,979,54,16,1190,-124,1190,347,-4,-114,1532,2047,-69,884,1532,514,-31,514,259,-63,769,514,1621,514,1621,514,164,-353,3231,-353,64,514,348,11,38,112,11,-326,0,-93,854,-161,249
570,1269,-206,1269,1723,56,18,1269,749,304,749,74,243,354,243,315,-262,60,1813,320,-34,447,8949,377,814,-154,449,10,264,-154,264,402,264,822,266,377,745,-147,758,27,-283,-202,197,1450,-283,43,-109,219,71,-533,71,81,375,1450,-129,1450,375,119,1297,-128,88,795,-102,795,175,119,201,2316,914,-150,741,2316,95,-71,95,269,26,512,95,452,95,452,95,171,-439,961,-439,133,95,149,6563,32,24,23,-477,56,-10,1411,-1,-1307
324,381,-300,381,1531,110,94,381,775,397,775,43,265,178,265,427,132,197,-9,501,41,598,245,313,957,-264,416,-26,355,-264,355,210,355,1259,288,313,575,-39,782,3,-330,-414,132,929,-330,613,-260,807,210,-771,210,24,524,929,-169,929,524,36,1609,-18,108,-87,425,-87,752,36,169,2897,163,-193,351,2897,53,-281,53,319,-246,809,53,341,53,341,53,119,-402,1542,-402,-34,53,136,467,20,5,66,-980,30,-110,1506,-117,-630
948,70,-225,70,2068,228,154,70,661,642,661,168,203,1687,203,300,269,226,924,829,-31,345,674,346,749,-134,795,-6,1273,-134,1273,547,1273,1737,638,346,984,-107,-576,-25,-348,151,452,1308,-348,298,-278,1628,23,-618,23,495,1131,1308,-122,1308,1131,623,3009,-21,194,103,-205,103,1038,623,128,2835,1270,-63,712,2835,418,-317,418,565,-81,557,418,679,418,679,418,174,-561,1360,-561,503,418,590,7477,112,95,48,-611,194,122,1377,225,-1178
457,1512,-257,1512,1804,-52,28,1512,568,295,568,9,162,3711,162,229,263,89,222,481,-67,833,1775,523,564,-253,1187,-31,539,-253,539,174,539,1171,198,523,687,-21,680,35,-352,261,408,691,-352,231,-409,2790,179,-443,179,-15,708,691,-106,691,708,314,1296,-96,130,175,-229,175,304,314,247,2730,643,-138,272,2730,391,-472,391,312,37,722,391,644,391,644,391,118,-124,813,-124,335,391,252,8681,78,77,18,-899,28,424,1697,-18,-1721
529,860,-116,860,4456,-137,83,860,342,1122,342,117,197,1750,197,326,355,191,375,1090,20,441,2547,586,915,-194,504,10,459,-194,459,188,459,1858,356,586,866,-153,608,23,-86,216,406,781,-86,306,-253,5455,196,-59,196,492,662,781,-107,781,662,102,1945,-31,168,1103,66,1103,269,102,15,2736,862,-44,278,2736,495,-639,495,135,-108,508,495,180,495,180,495,122,-256,1435,-256,551,495,113,13536,62,74,111,-508,126,373,995,-117,-1147
126,150,-203,150,3157,-53,100,150,503,209,503,12,283,291,283,663,-62,111,42,882,-109,963,406,718,1422,-388,261,-120,259,-388,259,286,259,808,441,718,1237,-29,1023,84,-464,-253,474,1899,-464,433,-618,2495,220,-1502,220,-563,669,1899,-81,1899,669,-75,1699,-109,161,236,34,236,145,-75,-336,3928,757,-208,388,3928,219,-843,219,323,-195,783,219,200,219,200,219,345,-890,1398,-890,-136,219,220,2207,-10,70,70,-1114,23,98,1813,-220,-2328
